MesAno;Regiao;Consumo;NUMERO DE DIAS COM PRECIP. PLUV, MENSAL (AUT)(número);PRECIPITACAO TOTAL, MENSAL (AUT)(mm);PRESSAO ATMOSFERICA, MEDIA MENSAL (AUT)(mB);TEMPERATURA MEDIA, MENSAL (AUT)(°C);VENTO, VELOCIDADE MAXIMA MENSAL (AUT)(m/s);VENTO, VELOCIDADE MEDIA MENSAL (AUT)(m/s);Estacao;MesAno_dt;Pred_Consumo
2021-05;Centro-Oeste;10676918,0;84,0;731,0;946,2044444444444;22,35;5,29795918367347;1,2999999999999998;outono;2021-05-01;1075408,5169999984
2021-05;Nordeste;25415727,0;572,0;3699,6;975,9983333333332;23,535;5,595121951219513;1,6636363636363636;outono;2021-05-01;2585264,117000002
2021-05;Norte;8574177,0;318,0;2749,0;989,0833333333334;25,825806451612905;4,632352941176471;1,15;outono;2021-05-01;874060,582
2021-05;Sudeste;56261071,0;648,0;2462,6;947,0514563106796;20,18380952380953;5,625423728813559;1,3880434782608695;outono;2021-05-01;5663918,547000005
2021-05;Sul;18813039,0;662,0;6435,0;950,6589285714286;14,905357142857143;7,530645161290322;1,647169811320755;outono;2021-05-01;1888504,680000003
2021-06;Centro-Oeste;;99,0;288,0;944,458536585366;21,41555555555556;5,722448979591836;1,4342105263157894;inverno;2021-06-01;
2021-06;Nordeste;25674735,0;515,0;2287,8;977,65;23,07857142857143;5,6762500000000005;1,762745098039216;inverno;2021-06-01;2524829,743999999
2021-06;Norte;9028168,0;165,0;752,2;989,775;25,716;4,948275862068965;1,4055555555555557;inverno;2021-06-01;905334,3439999991
2021-06;Sudeste;55496130,0;867,0;2432,4;948,6616822429908;18,908256880733944;5,529166666666667;1,4232323232323232;inverno;2021-06-01;5535021,522999999
2021-06;Sul;18735835,0;764,0;7164,0;951,5716981132076;13,478181818181817;8,053333333333333;1,798;inverno;2021-06-01;1892714,3850000007
2021-07;Sudeste;54041902,0;369,0;719,2;950,2886792452832;17,508653846153848;6,028455284552845;1,653;inverno;2021-07-01;5508494,759999999
2021-07;Norte;8646454,0;120,0;776,0;992,0333333333332;25,6625;5,233333333333333;1,436842105263158;inverno;2021-07-01;890430,6500000003
2021-07;Sul;19640972,0;372,0;1598,8;951,7163265306124;12,67058823529412;7,661818181818181;1,856521739130435;inverno;2021-07-01;1978119,6799999978
2021-07;Centro-Oeste;10007031,0;7,0;12,0;945,490243902439;20,40714285714286;6,020408163265306;1,5236842105263158;inverno;2021-07-01;1072020,757999999
2021-07;Nordeste;24790025,0;493,0;2229,0;981,2945454545454;22,81636363636364;6,1950617283950615;1,98;inverno;2021-07-01;2481793,994999999
2021-08;Sul;19820152,0;499,0;2823,0;951,488679245283;16,207272727272727;7,663157894736842;2,172549019607843;inverno;2021-08-01;1968914,4109999991
2021-08;Sudeste;54729315,0;530,0;2120,2;949,841;19,950000000000003;6,5967213114754095;1,921875;inverno;2021-08-01;5518767,517000002
2021-08;Centro-Oeste;10106583,0;25,0;69,6;942,7923076923078;23,570731707317076;6,877083333333334;1,875;inverno;2021-08-01;1066152,2459999989
2021-08;Nordeste;24626667,0;422,0;1665,6;980,4098039215688;23,233962264150943;6,385897435897436;2,38695652173913;inverno;2021-08-01;2473727,8459999976
2021-08;Norte;9216088,0;91,0;901,2;989,2727272727273;26,985714285714288;5,7444444444444445;1,6722222222222225;inverno;2021-08-01;952143,5509999986
2021-09;Centro-Oeste;12504280,0;132,0;817,2;941,8609756097562;27,25121951219512;7,1127659574468085;1,7526315789473683;primavera;2021-09-01;1235688,5899999996
2021-09;Nordeste;25606942,0;312,0;1072,6;976,2982142857144;25,760714285714283;6,308860759493671;2,319230769230769;primavera;2021-09-01;2650688,4400000004
2021-09;Norte;9882456,0;210,0;1307,4;987,5761904761904;27,624;5,942857142857143;1,4444444444444444;primavera;2021-09-01;982946,246999999
2021-09;Sudeste;59750721,0;525,0;1943,2;948,786;23,34;7,07563025210084;2,022105263157895;primavera;2021-09-01;5899862,200000007
2021-09;Sul;18367419,0;635,0;6252,2;948,9458333333332;17,921153846153846;7,924561403508772;2,165217391304348;primavera;2021-09-01;1864710,3190000025
2021-10;Centro-Oeste;12602456,0;433,0;4017,6;939,0794871794872;25,47142857142857;7,803921568627451;1,7857142857142858;primavera;2021-10-01;1234767,1339999987
2021-10;Nordeste;26791486,0;578,0;3756,6;973,5344827586208;26,34307692307692;6,657317073170732;2,138181818181818;primavera;2021-10-01;2677664,0719999988
2021-10;Norte;9757134,0;308,0;3040,0;986,7333333333332;27,072;6,059259259259259;1,3285714285714283;primavera;2021-10-01;979541,5320000001
2021-10;Sudeste;57588066,0;1699,0;15961,6;947,7877551020408;22,23564356435644;7,177685950413223;2,046875;primavera;2021-10-01;5807996,516000006
2021-10;Sul;18781028,0;783,0;7859,0;948,7596153846154;18,0375;7,881666666666666;2,27;primavera;2021-10-01;1877247,2440000016
2021-11;Sudeste;56741370,0;1531,0;16904,0;947,169090909091;22,518260869565218;6,483333333333333;1,820754716981132;primavera;2021-11-01;6023523,274000001
2021-11;Norte;9581338,0;424,0;4030,6;986,1173913043478;25,817391304347822;5,538461538461538;1,28;primavera;2021-11-01;951176,8259999991
2021-11;Sul;19450663,0;588,0;4391,8;944,9454545454546;20,966101694915253;7,747619047619048;2,176470588235294;primavera;2021-11-01;1958016,6390000016
2021-11;Centro-Oeste;;671,0;6564,8;936,9906976744186;24,353488372093025;6,207843137254902;1,6425;primavera;2021-11-01;
2021-11;Nordeste;;728,0;7125,6;972,0932203389832;25,73898305084745;6,516883116883117;1,8589285714285717;primavera;2021-11-01;
2021-12;Centro-Oeste;12146160,0;675,0;8300,0;935,8512195121951;24,195;6,12127659574468;1,5421052631578949;verão;2021-12-01;1198088,084999999
2021-12;Nordeste;28316408,0;890,0;10584,8;971,0015873015872;25,54;6,214285714285714;1,814516129032258;verão;2021-12-01;2803293,822000004
2021-12;Norte;9463163,0;541,0;6256,2;989,51;25,88;5,909375;1,2833333333333332;verão;2021-12-01;941554,3439999991
2021-12;Sudeste;60246693,0;2186,0;28211,0;947,294017094017;22,97833333333333;6,602399999999999;1,7929203539823009;verão;2021-12-01;6028866,070000002
2021-12;Sul;20820905,0;527,0;3429,8;949,873015873016;22,773846153846154;7,08030303030303;2,222413793103448;verão;2021-12-01;2090211,7060000002
2022-01;Sul;23478178,0;778,0;8027,2;949,363492063492;24,071428571428573;7,407575757575757;2,1620689655172414;verão;2022-01-01;2318880,9840000034
2022-01;Sudeste;59926229,0;1990,0;28279,2;947,176923076923;23,90826446280992;6,48130081300813;1,6800000000000002;verão;2022-01-01;6071013,395999994
2022-01;Norte;8786464,0;525,0;6639,2;988,2423076923076;25,376;5,281481481481482;1,255;verão;2022-01-01;878791,2880000003
2022-01;Centro-Oeste;11570911,0;566,0;6801,6;934,9175;24,17560975609756;6,270454545454545;1,7222222222222223;verão;2022-01-01;1156061,4749999985
2022-01;Nordeste;26873420,0;824,0;6650,6;970,8467741935484;25,293548387096774;6,23125;1,6295081967213116;verão;2022-01-01;2705150,576000001
2022-02;Centro-Oeste;11292276,0;547,0;4383,0;932,4371428571428;23,87058823529412;6,1139534883720925;1,5129032258064516;verão;2022-02-01;1137506,5579999988
2022-02;Nordeste;25754098,0;616,0;3835,0;969,1982142857142;25,82881355932204;6,109876543209876;1,5909090909090908;verão;2022-02-01;2618115,4090000032
2022-02;Norte;8297507,0;483,0;5079,6;987,4888888888888;25,58148148148148;5,107142857142857;1,2285714285714286;verão;2022-02-01;856203,2590000005
2022-02;Sudeste;;1895,0;19687,8;947,7648648648648;23,65478260869565;6,304098360655738;1,478846153846154;verão;2022-02-01;
2022-02;Sul;23482758,0;589,0;4516,4;950,705;23,29661016949153;6,8734375;1,8913793103448275;verão;2022-02-01;2273025,570000002
2022-03;Sudeste;66413140,0;1096,0;8668,0;947,7710526315788;24,331666666666667;6,3685039370078735;1,662037037037037;outono;2022-03-01;6448412,033000001
2022-03;Norte;8867541,0;562,0;7050,2;987,411111111111;25,33076923076923;5,289285714285714;1,1285714285714286;outono;2022-03-01;875815,5669999999
2022-03;Sul;23922619,0;897,0;10856,2;952,9964285714286;21,274545454545454;7,5;1,9314814814814811;outono;2022-03-01;2068784,1559999988
2022-03;Centro-Oeste;11949114,0;461,0;3170,2;932,7527777777776;24,36829268292683;6,417307692307692;1,5030303030303032;outono;2022-03-01;1160599,6659999988
2022-03;Nordeste;28053421,0;799,0;7063,2;973,2137931034484;25,26935483870968;6,020731707317073;1,5293103448275862;outono;2022-03-01;2766814,4719999987
2022-04;Sul;19632681,0;735,0;7198,2;954,6543859649124;18,658620689655173;7,745161290322581;1,8509090909090908;outono;2022-04-01;1990493,1529999978
2022-04;Sudeste;;1106,0;8826,8;950,4644067796612;22,7675;6,4488;1,5778761061946904;outono;2022-04-01;
2022-04;Norte;;587,0;5472,8;992,28;25,99411764705882;4,810526315789474;1,1;outono;2022-04-01;
2022-04;Nordeste;;764,0;6105,2;974,4828125;25,08358208955224;5,987058823529411;1,511111111111111;outono;2022-04-01;
2022-04;Centro-Oeste;11638401,0;230,0;1542,6;936,3044444444444;24,27441860465116;5,917307692307692;1,4560975609756095;outono;2022-04-01;1158234,7799999984
2022-05;Centro-Oeste;11263533,0;103,0;475,4;945,85;21,41923076923077;5,768852459016393;1,42;outono;2022-05-01;1095605,6509999987
2022-05;Nordeste;26760073,0;702,0;6404,0;977,4272727272728;23,676119402985076;5,887951807228916;1,507936507936508;outono;2022-05-01;2623057,5840000035
2022-05;Norte;8995204,0;452,0;5231,0;995,8142857142856;25,72285714285714;5,03421052631579;1,0933333333333333;outono;2022-05-01;902253,5419999998
2022-05;Sudeste;57013192,0;1093,0;4164,4;951,2966666666669;19,409016393442624;6,421428571428572;1,6071428571428572;outono;2022-05-01;5657770,010999995
2022-05;Sul;18737825,0;832,0;7552,2;952,9090909090908;14,521428571428572;7,593939393939394;1,9666666666666668;outono;2022-05-01;1932141,002
2022-06;Centro-Oeste;10599508,0;154,0;689,6;945,7442307692309;21,572;5,491525423728813;1,394;inverno;2022-06-01;1075446,6239999987
2022-06;Nordeste;24694839,0;764,0;4148,6;976,6880597014924;22,78732394366197;5,843181818181819;1,5396825396825398;inverno;2022-06-01;2522428,5500000026
2022-06;Norte;8997141,0;478,0;4101,4;995,7555555555556;25,653658536585365;4,693023255813954;1,0799999999999998;inverno;2022-06-01;907163,6929999995
2022-06;Sudeste;54932642,0;1050,0;2887,4;951,8098484848484;18,517293233082707;5,734645669291338;1,5008130081300812;inverno;2022-06-01;5526115,188999994
2022-06;Sul;19940353,0;712,0;6352,6;959,0509803921568;13,169811320754716;7,363333333333333;2,0551020408163265;inverno;2022-06-01;1964081,1140000024
2022-07;Sudeste;55396887,0;637,0;1034,4;953,3515384615384;19,595522388059702;6,342857142857143;1,6878048780487804;inverno;2022-07-01;5535481,103999997
2022-07;Norte;9230142,0;344,0;2205,2;994,740425531915;26,222916666666663;5,127083333333333;1,1595238095238096;inverno;2022-07-01;942072,0590000009
2022-07;Sul;19881029,0;549,0;2908,2;955,8629629629628;16,883333333333333;8,681967213114755;2,484313725490196;inverno;2022-07-01;1992452,5820000025
2022-07;Centro-Oeste;10587623,0;18,0;5,800000000000001;948,9647058823527;22,648076923076925;6,055737704918032;1,58;inverno;2022-07-01;1067702,6859999998
2022-07;Nordeste;24672192,0;813,0;5239,0;979,5231884057972;23,035714285714285;6,153409090909091;1,9203125;inverno;2022-07-01;2485292,068999998
2022-08;Sul;19488320,0;684,0;6058,6;960,4307692307692;14,917857142857144;8,733333333333334;2,6306122448979594;inverno;2022-08-01;1954564,7710000009
2022-08;Sudeste;55457842,0;753,0;3610,0;953,06328125;19,738636363636363;7,570992366412213;2,1195121951219518;inverno;2022-08-01;5587548,918999996
2022-08;Norte;9958116,0;348,0;2126,0;991,9510204081632;26,633333333333336;5,671111111111111;1,3295454545454546;inverno;2022-08-01;990724,6379999992
2022-08;Nordeste;24920086,0;588,0;2665,2;977,5811764705882;23,99684210526316;6,543518518518519;2,079487179487179;inverno;2022-08-01;2522264,014999997
2022-08;Centro-Oeste;10932082,0;103,0;849,0;949,4557692307692;23,36296296296296;8,058333333333334;1,972549019607843;inverno;2022-08-01;1095732,6130000008
2022-09;Sudeste;56946378,0;1213,0;9595,8;952,339393939394;20,828358208955223;6,963432835820896;2,1373015873015877;primavera;2022-09-01;5719988,137000002
2022-09;Norte;10325705,0;328,0;2132,2;991,9591836734694;27,59787234042553;5,914893617021277;1,365909090909091;primavera;2022-09-01;1024622,6769999999
2022-09;Sul;19808224,0;785,0;5380,4;957,742105263158;15,355172413793104;8,72063492063492;2,5250000000000004;primavera;2022-09-01;1969397,9550000029
2022-09;Centro-Oeste;11829291,0;310,0;2815,0;949,1762711864408;25,283050847457627;7,28939393939394;1,9551724137931037;primavera;2022-09-01;1190666,7309999987
2022-09;Nordeste;26143935,0;609,0;2619,2;979,2628571428572;25,222727272727276;6,525438596491228;2,221052631578947;primavera;2022-09-01;2602394,8249999997
2022-10;Centro-Oeste;12165857,0;684,0;5249,2;947,0754098360655;25,37704918032787;7,979104477611941;1,88135593220339;primavera;2022-10-01;1223278,6200000008
2022-10;Nordeste;26532004,0;653,0;4575,2;976,4893805309734;26,51801801801802;6,7941666666666665;2,3849056603773584;primavera;2022-10-01;2655962,439000003
2022-10;Sudeste;57551983,0;1699,0;11460,8;951,6748201438847;23,29136690647482;7,2844444444444445;2,0150375939849625;primavera;2022-10-01;5824748,733000003
2022-10;Sul;19360817,0;948,0;10401,4;954,7032786885246;18,190163934426227;9,003076923076923;2,524561403508772;primavera;2022-10-01;1943819,1099999982
2022-10;Norte;10441502,0;504,0;5172,6;991,4791666666666;27,282978723404256;6,079166666666667;1,318604651162791;primavera;2022-10-01;1029764,2040000006
2022-11;Centro-Oeste;12034838,0;744,0;6751,2;952,108;24,08333333333333;7,528395061728395;1,82;primavera;2022-11-01;1198327,0969999984
2022-11;Nordeste;28074057,0;1249,0;12801,0;975,15;25,195495495495493;6,443697478991596;1,924509803921569;primavera;2022-11-01;2760543,393000002
2022-11;Norte;9820732,0;578,0;6933,8;991,1583333333332;26,08;5,585106382978723;1,1833333333333331;primavera;2022-11-01;979767,8280000011
2022-11;Sudeste;59519344,0;2137,0;22822,4;950,489781021898;21,837588652482268;7,080434782608696;1,996124031007752;primavera;2022-11-01;5933560,987999992
2022-11;Sul;20048073,0;734,0;5737,4;952,4333333333332;19,246376811594203;7,926470588235294;2,692063492063492;primavera;2022-11-01;2006138,3220000013
2022-12;Sudeste;63161376,0;2834,0;35930,8;948,3028169014084;22,83146853146853;6,91021897810219;1,8781954887218049;verão;2022-12-01;6177965,117000008
2022-12;Sul;22828105,0;1035,0;10900,8;950,9418918918918;22,502702702702702;7,575675675675676;2,368115942028985;verão;2022-12-01;2209834,041
2022-12;Nordeste;28390775,0;1226,0;11201,4;975,6688073394496;25,63148148148148;6,204166666666667;1,8392156862745097;verão;2022-12-01;2777587,522
2022-12;Centro-Oeste;12608709,0;1274,0;11656,8;951,0958904109588;24,47945205479452;6,433766233766233;1,6263888888888889;verão;2022-12-01;1223154,837000001
2022-12;Norte;9896920,0;922,0;10421,2;991,2520833333332;25,660869565217396;5,4437500000000005;1,1186046511627907;verão;2022-12-01;959794,5710000001
2023-01;Centro-Oeste;11521811,0;1360,0;13509,6;951,756;23,98108108108108;6,637179487179488;1,5513513513513513;verão;2023-01-01;1175983,6689999988
2023-01;Nordeste;28054904,0;1301,0;10423,2;976,4330188679244;25,59716981132076;6,269827586206896;1,7275510204081634;verão;2023-01-01;2838651,684000002
2023-01;Norte;9086254,0;1009,0;10216,6;992,427659574468;25,09555555555556;5,21304347826087;1,0333333333333332;verão;2023-01-01;908805,7380000002
2023-01;Sudeste;58558143,0;2791,0;35399,2;949,9787234042552;23,353146853146853;6,569924812030075;1,7015503875968991;verão;2023-01-01;6119494,0940000005
2023-01;Sul;23479047,0;1028,0;9588,8;951,3394366197184;23,21232876712329;7,54927536231884;2,1671875;verão;2023-01-01;2435779,1389999986
2023-02;Centro-Oeste;11496047,0;1096,0;9771,8;952,6575342465752;24,5;6,840506329113924;1,4055555555555557;verão;2023-02-01;1173047,7010000013
2023-02;Nordeste;27784175,0;1095,0;7809,6;976,915238095238;25,975238095238097;6,069642857142857;1,7244897959183674;verão;2023-02-01;2848669,948000001
2023-02;Norte;8643975,0;969,0;8523,6;992,8408163265306;25,45434782608696;5,482978723404255;1,0136363636363637;verão;2023-02-01;888729,86
2023-02;Sudeste;63332207,0;1892,0;18205,4;950,0760869565216;24,33985507246377;6,72093023255814;1,624;verão;2023-02-01;6465633,727999997
2023-02;Sul;26051023,0;1095,0;10243,0;951,8041666666666;22,34794520547945;7,457971014492754;2,0415384615384613;verão;2023-02-01;2567082,2570000035
2023-03;Centro-Oeste;12230540,0;1137,0;10592,4;951,5597222222224;24,41351351351351;6,646052631578947;1,390140845070423;outono;2023-03-01;1265099,268
2023-03;Nordeste;28614837,0;1630,0;15445,8;977,5035087719298;25,57068965517241;6,004166666666666;1,560377358490566;outono;2023-03-01;2853866,473000002
2023-03;Norte;9486031,0;1049,0;12883,6;991,64;25,52127659574468;5,217391304347826;1,0909090909090908;outono;2023-03-01;952209,4479999996
2023-03;Sudeste;68292441,0;1549,0;12428,2;951,5585185185184;24,216546762589928;6,2697674418604645;1,5327868852459017;outono;2023-03-01;6695826,787000006
2023-03;Sul;25038729,0;1162,0;10728,4;953,0753424657536;22,96081081081081;7,175714285714286;2,024242424242424;outono;2023-03-01;2516054,8830000027
2023-04;Sul;23549684,0;881,0;6659,4;955,205633802817;18,96619718309859;7,617647058823529;1,9734375;outono;2023-04-01;2309147,105000002
2023-04;Sudeste;;1813,0;14564,0;950,3065693430656;22,236956521739128;5,966141732283465;1,4926829268292685;outono;2023-04-01;
2023-04;Norte;9363812,0;856,0;9314,8;990,5;25,95744680851064;4,885106382978723;1,0395348837209304;outono;2023-04-01;948060,886000001
2023-04;Centro-Oeste;12270593,0;883,0;9071,6;951,8948051948051;23,90126582278481;6,001298701298702;1,3026666666666666;outono;2023-04-01;1206668,6819999989
2023-04;Nordeste;;1365,0;12183,8;976,8067796610168;25,27652173913044;5,747107438016529;1,3944954128440368;outono;2023-04-01;
2023-05;Centro-Oeste;11703987,0;263,0;2009,2;954,5693333333332;22,86578947368421;5,231168831168831;1,297260273972603;outono;2023-05-01;1172945,371000001
2023-05;Nordeste;29235724,0;1168,0;8259,0;978,5717948717949;24,96120689655172;5,429166666666666;1,5703703703703704;outono;2023-05-01;2898856,0880000014
2023-05;Norte;9992906,0;746,0;7112,4;991,543137254902;26,366666666666667;5,034;1,0934782608695652;outono;2023-05-01;996016,3679999992
2023-05;Sudeste;59360849,0;1051,0;4152,4;952,8257352941176;20,02158273381295;5,275590551181103;1,3442622950819672;outono;2023-05-01;5995422,167999992
2023-05;Sul;20494696,0;848,0;6094,0;958,08;17,285333333333334;6,282608695652174;1,7725806451612904;outono;2023-05-01;2205947,6280000005
2023-06;Sul;20643252,0;907,0;7586,6;957,330985915493;15,46027397260274;7,53;2,0451612903225804;inverno;2023-06-01;2121003,5199999977
2023-06;Sudeste;58885411,0;1084,0;3508,6;956,6066666666666;18,68394160583941;5,009160305343512;1,3756097560975609;inverno;2023-06-01;5927539,655999996
2023-06;Nordeste;27116578,0;1077,0;5861,6;979,3698275862068;24,094827586206897;5,604166666666667;1,820754716981132;inverno;2023-06-01;2850152,8960000006
2023-06;Centro-Oeste;11297679,0;292,0;1695,8;957,3807692307691;21,20875;5,0426829268292686;1,3857142857142857;inverno;2023-06-01;1154479,0299999998
2023-06;Norte;10443629,0;462,0;3303,8;992,532075471698;25,98421052631579;4,8807017543859645;1,225;inverno;2023-06-01;1047334,2640000009
2023-07;Centro-Oeste;10712723,0;72,0;305,0;956,9623376623376;22,61558441558441;6,30253164556962;1,5824324324324324;inverno;2023-07-01;1118383,6449999986
2023-07;Nordeste;26115031,0;733,0;3474,6;980,066371681416;24,160714285714285;6,24453781512605;1,9711538461538465;inverno;2023-07-01;2698760,204999998
2023-07;Norte;10367350,0;345,0;2494,8;993,684745762712;26,35438596491228;5,290909090909091;1,2673076923076925;inverno;2023-07-01;1048938,5760000001
2023-07;Sudeste;57517912,0;958,0;3340,0;955,4576642335766;19,193430656934307;6,3654135338345865;1,6128;inverno;2023-07-01;5858537,186999997
2023-07;Sul;21121311,0;931,0;8805,4;956,8520547945204;15,477333333333332;9,27;2,266153846153846;inverno;2023-07-01;2118644,8959999974
2023-08;Sul;20628133,0;846,0;5999,4;956,9702702702704;16,839473684210525;9,054929577464788;2,4045454545454543;inverno;2023-08-01;2115214,9720000015
2023-08;Sudeste;59297645,0;1210,0;6780,6;953,4767441860464;21,034074074074077;6,992424242424242;1,7241666666666666;inverno;2023-08-01;6002547,817999997
2023-08;Norte;11232201,0;287,0;1884,4;991,9543859649124;27,610714285714288;5,826415094339623;1,4;inverno;2023-08-01;1130922,7459999986
2023-08;Centro-Oeste;11795016,0;273,0;1840,8;954,9053333333331;24,91842105263158;7,202597402597403;1,726027397260274;inverno;2023-08-01;1195903,8789999983
2023-08;Nordeste;27036569,0;753,0;2660,0;978,8966101694916;25,255084745762712;6,404098360655738;2,0577981651376147;inverno;2023-08-01;2743091,254000002
2023-09;Centro-Oeste;13186776,0;518,0;3379,8;954,2780821917808;27,00933333333333;7,832;1,8859154929577464;primavera;2023-09-01;1305271,7859999982
2023-09;Nordeste;28749475,0;716,0;3816,8;979,5538461538462;26,415625;6,643939393939394;2,447967479674797;primavera;2023-09-01;2859704,837000001
2023-09;Norte;11867186,0;334,0;2686,2;991,2305084745764;28,471929824561403;6,265384615384615;1,472549019607843;primavera;2023-09-01;1201471,5309999993
2023-09;Sudeste;62123480,0;921,0;4191,2;951,8051094890512;23,72919708029197;7,237121212121211;2,00625;primavera;2023-09-01;6286979,230999999
2023-09;Sul;20921227,0;1166,0;17416,0;953,1802631578948;19,428571428571427;9,387671232876713;2,794202898550725;primavera;2023-09-01;2141129,2639999967
2023-10;Sul;22106321,0;1193,0;23372,8;954,3840579710144;19,20422535211268;8,664285714285715;2,6876923076923074;primavera;2023-10-01;2186647,9199999957
2023-10;Sudeste;66077907,0;1877,0;18217,8;949,3903703703704;24,18646616541353;7,406818181818182;1,9708661417322837;primavera;2023-10-01;6583248,109
2023-10;Centro-Oeste;14795460,0;754,0;5768,8;951,5192307692308;27,51794871794872;8,164935064935065;1,838666666666667;primavera;2023-10-01;1430105,5879999995
2023-10;Nordeste;28996696,0;521,0;2360,6;977,5907563025212;27,44380165289256;6,693650793650794;2,399130434782609;primavera;2023-10-01;2915250,7189999996
2023-10;Norte;12223279,0;466,0;3202,2;989,4433333333332;28,652631578947368;6,512727272727273;1,4403846153846156;primavera;2023-10-01;1222314,8019999987
2023-11;Centro-Oeste;15294148,0;792,0;6463,0;950,6151898734178;27,1525;7,671250000000001;1,854666666666667;primavera;2023-11-01;1492328,9329999993
2023-11;Nordeste;31190374,0;704,0;5399,4;977,18;27,62066115702479;6,759055118110236;2,3730434782608696;primavera;2023-11-01;3079823,363000001
2023-11;Norte;12357888,0;594,0;4336,2;989,9311475409836;28,019298245614035;6,253571428571428;1,4641509433962263;primavera;2023-11-01;1219463,7859999987
2023-11;Sudeste;68809705,0;1318,0;11512,2;948,96106870229;25,27925925925926;7,519402985074627;1,9065573770491804;primavera;2023-11-01;6848889,166999997
2023-11;Sul;21762462,0;1127,0;18227,0;952,7942028985508;21,314666666666664;9,32054794520548;2,726153846153846;primavera;2023-11-01;2225099,912999997
2023-12;Sudeste;70803342,0;1557,0;14167,0;949,0297101449275;25,463309352517985;7,163503649635036;1,8484375;verão;2023-12-01;6836109,002999997
2023-12;Sul;24466217,0;1054,0;10857,8;951,9561643835616;23,16081081081081;8,618666666666666;2,418840579710145;verão;2023-12-01;2418395,4649999975
2023-12;Norte;11715544,0;1017,0;8009,2;990,9907692307692;27,1546875;6,217741935483871;1,3793103448275863;verão;2023-12-01;1158845,0100000007
2023-12;Centro-Oeste;15225536,0;998,0;9406,2;951,2703703703704;26,55308641975309;7,374074074074073;1,5884615384615386;verão;2023-12-01;1482672,6079999986
2023-12;Nordeste;30978845,0;862,0;6288,0;977,0372881355931;27,647058823529413;7,0595419847328245;2,2217391304347824;verão;2023-12-01;3060584,7749999994
2024-01;Centro-Oeste;13819126,0;1072,0;11178,0;950,5975;25,64342105263158;6,70759493670886;1,572;verão;2024-01-01;1398848,0509999983
2024-01;Nordeste;31689333,0;1298,0;12351,2;978,6758928571428;26,96324786324786;6,516;1,94392523364486;verão;2024-01-01;3162611,5030000047
2024-01;Norte;11226985,0;1287,0;14156,4;992,0757575757576;26,49375;5,668852459016394;1,3033333333333337;verão;2024-01-01;1109550,807
2024-01;Sudeste;70691357,0;2353,0;29152,6;948,3057553956836;24,57769784172662;6,89776119402985;1,6472868217054264;verão;2024-01-01;6940709,638999996
2024-01;Sul;27037598,0;1174,0;13188,4;951,7438356164384;22,697183098591548;8,597222222222221;2,3823529411764706;verão;2024-01-01;2623550,7090000035
2024-02;Sul;27704489,0;973,0;8679,2;953,4861111111112;23,99571428571429;7,292647058823529;2,14;verão;2024-02-01;2583953,7460000003
2024-02;Sudeste;68869154,0;2025,0;18524,8;950,0037037037036;24,56962962962963;6,409701492537313;1,5484126984126985;verão;2024-02-01;6912172,058999991
2024-02;Norte;10879080,0;1088,0;13054,8;992,4727272727272;26,524590163934427;5,776271186440678;1,3344827586206898;verão;2024-02-01;1102694,4700000002
2024-02;Centro-Oeste;13635306,0;899,0;8606,4;951,23417721519;25,447945205479453;6,356578947368422;1,537837837837838;verão;2024-02-01;1431508,4729999998
2024-02;Nordeste;30988958,0;1548,0;16160,4;979,925;26,43125;6,494117647058824;1,753921568627451;verão;2024-02-01;3099939,8670000047
2024-03;Centro-Oeste;14227756,0;1008,0;10243,8;949,5653333333332;25,79102564102564;6,356410256410257;1,3774647887323943;outono;2024-03-01;1414731,653999998
2024-03;Nordeste;30925518,0;1490,0;13879,2;980,0972222222222;26,81531531531532;5,991150442477876;1,5401960784313724;outono;2024-03-01;3096392,748000005
2024-03;Norte;10840940,0;1270,0;16193,8;991,5968253968254;26,70625;5,449180327868852;1,1759259259259258;outono;2024-03-01;1096276,8190000013
2024-03;Sudeste;72601028,0;1907,0;19419,4;949,290076335878;24,791044776119403;6,562686567164179;1,501639344262295;outono;2024-03-01;7153358,012999994
2024-03;Sul;27509293,0;968,0;9939,6;952,5457142857142;22,80289855072464;8,292753623188407;2,103076923076923;outono;2024-03-01;2683628,9730000044
2024-04;Sul;25726911,0;1104,0;13898,0;951,025;21,1089552238806;7,389041095890411;2,142857142857143;outono;2024-04-01;2402434,772999999
2024-04;Norte;11178812,0;1282,0;15161,4;991,406153846154;26,661538461538463;5,426229508196721;1,128813559322034;outono;2024-04-01;1104910,1230000013
2024-04;Sudeste;67212326,0;988,0;5480,8;948,9174242424244;23,61439393939394;5,329230769230769;1,4260162601626016;outono;2024-04-01;6765807,301000005
2024-04;Centro-Oeste;13822548,0;765,0;7974,6;950,2552631578948;25,35;5,443421052631579;1,334722222222222;outono;2024-04-01;1391873,2369999988
2024-04;Nordeste;31532134,0;1700,0;17458,2;979,052380952381;25,94782608695652;5,779661016949152;1,4948979591836735;outono;2024-04-01;3121951,739000002
2024-05;Centro-Oeste;13966860,0;179,0;639,6;953,108108108108;23,276;5,393589743589743;1,5493150684931507;outono;2024-05-01;1341280,167
2024-05;Nordeste;;1202,0;9070,2;977,9444444444443;25,031304347826087;5,707894736842106;1,6747474747474749;outono;2024-05-01;
2024-05;Norte;11362472,0;895,0;8957,4;991,8123076923076;26,5359375;4,99672131147541;1,230508474576271;outono;2024-05-01;1126112,9130000009
2024-05;Sudeste;;788,0;2819,6;949,4007692307692;22,178030303030305;5,612121212121211;1,4608;outono;2024-05-01;
2024-05;Sul;23309620,0;1128,0;16765,2;953,2234375;16,743076923076924;7,894285714285715;2,171186440677966;outono;2024-05-01;2319940,5259999996
2024-06;Sul;22646762,0;729,0;8484,0;954,006153846154;16,88;7,669117647058823;2,314754098360656;inverno;2024-06-01;2273757,4339999966
2024-06;Sudeste;63584415,0;586,0;935,4;949,2669354838712;20,324409448818898;5,3712;1,4576271186440677;inverno;2024-06-01;6382202,420999998
2024-06;Centro-Oeste;12322451,0;26,0;15,0;953,5647887323944;23,02162162162162;5,743589743589744;1,6;inverno;2024-06-01;1251474,9059999993
2024-06;Nordeste;29973035,0;1125,0;7182,0;979,4514018691588;24,021100917431195;5,786607142857143;1,9295918367346936;inverno;2024-06-01;3002012,3120000004
2024-06;Norte;11171653,0;495,0;3807,6;992,76875;26,4609375;5,269491525423728;1,3203389830508476;inverno;2024-06-01;1123199,6989999989
2024-07;Centro-Oeste;11942771,0;91,0;526,2;955,9445945945944;21,818421052631574;5,77012987012987;1,6391891891891892;inverno;2024-07-01;1199735,1529999985
2024-07;Nordeste;27971509,0;888,0;2986,0;981,6297029702972;23,283809523809527;6,01875;2,064516129032258;inverno;2024-07-01;2824681,995000002
2024-07;Norte;11437755,0;279,0;1972,2;993,6524590163934;26,16166666666667;5,467241379310345;1,4425925925925926;inverno;2024-07-01;1150096,4009999998
2024-07;Sudeste;60568928,0;610,0;2146,8;952,1704;19,57936507936508;5,483870967741935;1,5379310344827586;inverno;2024-07-01;6115874,516
2024-07;Sul;22391929,0;909,0;6623,6;960,3584615384616;13,776119402985074;6,936231884057971;1,9868852459016395;inverno;2024-07-01;2317464,432000002
2024-08;Sudeste;;623,0;3389,6;953,5087301587304;20,38702290076336;6,634375;1,802608695652174;inverno;2024-08-01;
2024-08;Sul;23342925,0;629,0;4472,6;955,7739130434782;15,885135135135137;7,928169014084506;2,3703125;inverno;2024-08-01;2315152,6799999992
2024-08;Norte;12009434,0;233,0;1423,8;993,22;27,147457627118644;5,927586206896552;1,5169811320754718;inverno;2024-08-01;1191086,8000000014
2024-08;Centro-Oeste;12292344,0;90,0;657,1999999999999;953,0802816901409;23,47142857142857;6,8896103896103895;1,9471428571428573;inverno;2024-08-01;1250941,171000001
2024-08;Nordeste;28395562,0;627,0;2503,4;980,0556701030928;24,33047619047619;6,58532110091743;2,3044444444444445;inverno;2024-08-01;2849166,4599999962
2024-09;Centro-Oeste;13774880,0;129,0;880,2;950,2223880597016;27,04179104477612;7,428378378378379;1,951515151515152;primavera;2024-09-01;1451226,2789999994
2024-09;Nordeste;;469,0;1779,0;978,2544554455444;25,523300970873787;6,6854545454545455;2,54;primavera;2024-09-01;
2024-09;Norte;12748345,0;158,0;1362,4;990,0982758620688;28,63050847457627;5,841071428571429;1,7096153846153848;primavera;2024-09-01;1288535,1749999998
2024-09;Sudeste;63866584,0;421,0;1611,6;952,769918699187;23,86;7,061290322580645;2,1419642857142858;primavera;2024-09-01;6680450,061999993
2024-09;Sul;22158362,0;756,0;7507,6;952,2942028985508;19,444117647058825;8,936923076923076;2,367741935483872;primavera;2024-09-01;2263616,4539999967
2024-10;Sul;22785039,0;877,0;9465,6;949,9268656716416;20,125;8,23076923076923;2,5500000000000003;primavera;2024-10-01;2294418,5039999965
2024-10;Sudeste;;1526,0;14739,8;951,406611570248;23,805511811023624;7,229838709677419;2,1166666666666667;primavera;2024-10-01;
2024-10;Norte;13208688,0;435,0;4112,6;989,801724137931;28,28813559322034;6,401851851851852;1,574;primavera;2024-10-01;1293282,990999999
2024-10;Centro-Oeste;15816330,0;679,0;6532,4;950,8151515151516;26,64848484848485;7,729166666666667;1,786153846153846;primavera;2024-10-01;1538375,6939999994
2024-10;Nordeste;29662170,0;531,0;3133,4;976,6891089108912;26,866990291262137;6,78411214953271;2,4614583333333333;primavera;2024-10-01;2984566,5
2024-11;Centro-Oeste;14430589,0;908,0;9902,0;949,1072463768116;25,22769230769231;6,780821917808219;1,629850746268657;primavera;2024-11-01;1452564,8840000022
2024-11;Nordeste;31786396,0;703,0;6511,4;976,6939393939392;26,71;6,737383177570093;2,381521739130435;primavera;2024-11-01;3134546,9180000005
2024-11;Norte;12589224,0;624,0;5015,8;990,1810344827586;27,348275862068967;5,771698113207547;1,5708333333333335;primavera;2024-11-01;1247654,2960000015
2024-11;Sudeste;65320615,0;1800,0;19228,4;949,781746031746;23,319047619047616;6,569354838709677;1,8955752212389376;primavera;2024-11-01;6534451,545
2024-11;Sul;23879666,0;900,0;9014,0;947,7685714285716;21,863768115942023;7,159999999999999;2,3672131147540982;primavera;2024-11-01;2438839,526999997
2024-12;Sul;24325361,0;946,0;10629,6;948,5848484848484;21,3;7,4265625;2,253448275862069;verão;2024-12-01;2401627,908999998
2024-12;Norte;12228970,0;984,0;9706,6;990,71;26,57413793103448;6,188888888888889;1,4673076923076922;verão;2024-12-01;1208932,1110000003
2024-12;Sudeste;68598710,0;2042,0;23780,8;948,396;24,0801652892562;6,85983606557377;1,7776785714285714;verão;2024-12-01;6882017,904
2024-12;Centro-Oeste;14700245,0;909,0;10163,0;950,106153846154;25,011666666666667;6,733333333333333;1,428125;verão;2024-12-01;1452805,9850000003
2024-12;Nordeste;32446770,0;752,0;4724,8;974,5031914893616;26,801075268817204;6,666981132075472;2,311494252873563;verão;2024-12-01;3110710,6890000016
2025-01;Centro-Oeste;13956384,0;835,0;8243,2;949,5619047619048;25,136507936507936;6,511428571428572;1,4483870967741934;verão;2025-01-01;1415246,0250000004
2025-01;Nordeste;32368600,0;1104,0;10458,4;974,2921348314608;26,184615384615388;6,4375;1,9105882352941177;verão;2025-01-01;3196556,858
2025-01;Norte;11184734,0;1150,0;10974,8;991,2913793103448;25,77068965517241;5,618867924528302;1,311764705882353;verão;2025-01-01;1093963,4240000013
2025-01;Sudeste;72164687,0;2006,0;20427,4;948,5152;24,3376;6,647619047619048;1,6893805309734513;verão;2025-01-01;7090348,385000003
2025-01;Sul;26695525,0;859,0;7341,8;947,3;23,212307692307693;7,059016393442623;2,024561403508772;verão;2025-01-01;2649001,0990000004
2025-02;Sul;30762317,0;784,0;6738,8;946,7590163934428;24,43114754098361;7,180327868852459;1,778181818181818;verão;2025-02-01;2881770,951999997
2025-02;Sudeste;72889644,0;871,0;6956,6;950,4761904761904;25,2203125;6,165873015873015;1,7640350877192983;verão;2025-02-01;7244382,641999991
2025-02;Norte;10661172,0;1022,0;12741,4;990,8796296296296;25,635714285714283;5,823076923076924;1,2869565217391306;verão;2025-02-01;1078959,9890000015
2025-02;Centro-Oeste;14211492,0;680,0;5976,4;950,8147540983606;25,168852459016392;6,5028985507246375;1,4016666666666666;verão;2025-02-01;1429958,754000001
2025-02;Nordeste;31379576,0;887,0;6091,0;975,3274725274724;26,15274725274725;6,122222222222223;1,9735632183908045;verão;2025-02-01;3137817,0620000004
2025-03;Centro-Oeste;14703699,0;551,0;4303,2;950,8816666666668;25,48064516129032;6,677941176470589;1,3258620689655174;outono;2025-03-01;1447161,2290000012
2025-03;Nordeste;30863901,0;915,0;7684,8;976,72183908046;26,226136363636364;5,931914893617021;1,8585365853658535;outono;2025-03-01;3103778,700000001
2025-03;Norte;10626782,0;1022,0;12398,6;991,7150943396226;25,911538461538463;5,67843137254902;1,274468085106383;outono;2025-03-01;1074394,1180000014
2025-03;Sudeste;75996236,0;1429,0;11161,8;952,2782258064516;24,6368;6,308264462809917;1,6857142857142855;outono;2025-03-01;7334548,996000008
2025-03;Sul;29756320,0;571,0;3884,6;951,5603448275862;22,93166666666667;6,820689655172414;1,8388888888888888;outono;2025-03-01;2691000,0170000005
2025-04;Sul;23709757,0;743,0;5724,8;952,1322033898306;18,782456140350877;6,396428571428571;1,7226415094339622;outono;2025-04-01;2390500,274999997
2025-04;Norte;11115613,0;896,0;8434,8;990,454716981132;26,211111111111112;5,232692307692308;1,1361702127659574;outono;2025-04-01;1104898,1779999987
2025-04;Sudeste;66413579,0;1716,0;15431,6;952,8598360655736;22,775384615384617;5,992063492063492;1,5177570093457944;outono;2025-04-01;6623939,745999993
2025-04;Centro-Oeste;14040400,0;690,0;6757,4;950,4354838709676;24,125806451612902;5,550724637681159;1,1754098360655738;outono;2025-04-01;1368288,7370000004
2025-04;Nordeste;30834013,0;790,0;6515,4;975,9329268292682;26,06;5,737777777777778;1,6948051948051948;outono;2025-04-01;3082316,433000001
2025-05;Centro-Oeste;14011167,0;219,0;1440,8;953,8116666666666;22,501612903225805;5,695522388059702;1,3862068965517242;outono;2025-05-01;1365487,4270000013
2025-05;Nordeste;32416224,0;875,0;7707,0;977,3037974683544;24,64390243902439;6,05977011494253;1,9933333333333332;outono;2025-05-01;3169171,7369999997
2025-05;Norte;11706006,0;632,0;5592,0;991,9981132075472;26,192156862745097;5,309803921568627;1,270212765957447;outono;2025-05-01;1141228,9389999988
2025-05;Sudeste;65140902,0;981,0;3611,6;955,6581395348836;20,55581395348837;5,600806451612903;1,537719298245614;outono;2025-05-01;6462308,773000001
2025-05;Sul;22424216,0;632,0;5136,4;952,1490909090908;17,21607142857143;7,332142857142857;1,886;outono;2025-05-01;2373917,8969999985
2025-06;Sul;23590130,0;883,0;9957,0;953,1411764705882;13,498076923076924;7,6;2,0104166666666665;inverno;2025-06-01;2364167,7260000007
2025-06;Norte;11685377,0;521,0;4206,8;993,5981481481482;25,845098039215685;5,153846153846154;1,3958333333333333;inverno;2025-06-01;1158736,2100000014
2025-06;Sudeste;61193797,0;1043,0;3744,2;953,6677165354332;19,15859375;6,1706896551724135;1,5504504504504504;inverno;2025-06-01;6168837,749
2025-06;Centro-Oeste;12671316,0;246,0;1404,6;952,6766666666666;21,280645161290323;5,802985074626866;1,5482758620689654;inverno;2025-06-01;1284944,2609999992
2025-06;Nordeste;29438816,0;831,0;6185,4;977,8283783783784;23,36315789473684;6,16547619047619;1,9376811594202896;inverno;2025-06-01;3024770,3680000002
2025-07;Centro-Oeste;12223859,0;56,0;167,8;954,677049180328;20,606451612903225;5,537313432835821;1,5175438596491229;inverno;2025-07-01;1227843,6390000014
2025-07;Nordeste;29235331,0;627,0;3311,4;979,7893333333332;22,748;5,990361445783132;2,041428571428572;inverno;2025-07-01;2874199,8039999986
2025-07;Norte;11764175,0;322,0;2497,6;994,2254901960785;25,648936170212767;5,276923076923077;1,3847826086956525;inverno;2025-07-01;1150581,1780000008
2025-07;Sudeste;63812700,0;611,0;2262,4;955,0041322314048;18,18780487804878;5,918803418803419;1,5897196261682245;inverno;2025-07-01;6298913,226000003
2025-07;Sul;25150323,0;523,0;2533,0;956,0055555555556;13,169230769230769;7,640384615384615;1,878;inverno;2025-07-01;2426645,301000003
2025-08;Sudeste;62135240,0;531,0;1546,2;953,91512605042;19,73223140495868;6,1877192982456135;1,8904761904761904;inverno;2025-08-01;6185203,885999999
2025-08;Centro-Oeste;12690919,0;118,0;582,8;952,6186440677966;22,5;6,643939393939394;1,849122807017544;inverno;2025-08-01;1267942,2410000016
2025-08;Nordeste;29374635,0;511,0;2903,4;978,6283783783784;23,613698630136987;6,434177215189874;2,244117647058824;inverno;2025-08-01;2899982,934
2025-08;Norte;11954589,0;292,0;1816,4;992,906;26,791304347826088;5,688679245283019;1,5977272727272729;inverno;2025-08-01;1194639,7770000016
2025-08;Sul;23355989,0;568,0;4190,0;955,0244897959184;14,95;8,154901960784313;2,273333333333333;inverno;2025-08-01;2333973,516000002
